-- phpMyAdmin SQL Dump
-- version 5.1.3
-- https://www.phpmyadmin.net/
--
-- Host: 127.0.0.1
-- Generation Time: Nov 18, 2022 at 02:40 PM
-- Server version: 10.4.24-MariaDB
-- PHP Version: 7.4.29

SET SQL_MODE = "NO_AUTO_VALUE_ON_ZERO";
START TRANSACTION;
SET time_zone = "+00:00";


/*!40101 SET @OLD_CHARACTER_SET_CLIENT=@@CHARACTER_SET_CLIENT */;
/*!40101 SET @OLD_CHARACTER_SET_RESULTS=@@CHARACTER_SET_RESULTS */;
/*!40101 SET @OLD_COLLATION_CONNECTION=@@COLLATION_CONNECTION */;
/*!40101 SET NAMES utf8mb4 */;

--
-- Database: `spkbansos`
--

-- --------------------------------------------------------

--
-- Table structure for table `alternatifs`
--

CREATE TABLE `alternatifs` (
  `id` bigint(20) UNSIGNED NOT NULL,
  `id_warga` bigint(20) UNSIGNED NOT NULL,
  `periode` varchar(255) COLLATE utf8mb4_unicode_ci DEFAULT NULL,
  `c1` int(11) DEFAULT NULL,
  `c2` int(11) DEFAULT NULL,
  `c3` int(11) DEFAULT NULL,
  `c4` int(11) DEFAULT NULL,
  `c5` int(11) DEFAULT NULL,
  `c6` int(11) DEFAULT NULL,
  `c7` int(11) DEFAULT NULL,
  `c8` int(11) DEFAULT NULL,
  `created_at` timestamp NULL DEFAULT NULL,
  `updated_at` timestamp NULL DEFAULT NULL
) ENGINE=InnoDB DEFAULT CHARSET=utf8mb4 COLLATE=utf8mb4_unicode_ci;

--
-- Dumping data for table `alternatifs`
--

INSERT INTO `alternatifs` (`id`, `id_warga`, `periode`, `c1`, `c2`, `c3`, `c4`, `c5`, `c6`, `c7`, `c8`, `created_at`, `updated_at`) VALUES
(1, 1, '2022-08', 1, 1, 40, 9, 1, 2, 2, 2, '2022-08-18 08:22:04', '2022-08-18 08:22:04'),
(2, 2, '2022-08', 1, 1, 40, 6, 1, 2, 2, 1, '2022-08-18 08:22:26', '2022-08-18 08:22:26'),
(3, 3, '2022-08', 1, 1, 50, 6, 3, 4, 2, 1, '2022-08-18 08:56:35', '2022-08-18 08:56:35'),
(4, 4, '2022-08', 1, 1, 40, 9, 1, 2, 2, 2, '2022-08-18 08:57:31', '2022-08-18 08:57:31'),
(5, 5, '2022-08', 1, 1, 45, 3, 1, 1, 2, 2, '2022-08-18 08:59:10', '2022-08-18 08:59:10'),
(6, 6, '2022-08', 1, 1, 58, 9, 3, 1, 2, 2, '2022-08-18 08:59:45', '2022-08-18 08:59:45'),
(7, 7, '2022-08', 1, 1, 40, 9, 1, 2, 2, 2, '2022-08-18 09:00:17', '2022-08-18 09:00:17'),
(8, 8, '2022-08', 1, 1, 44, 9, 1, 4, 2, 2, '2022-08-18 09:01:40', '2022-08-18 09:01:40'),
(9, 9, '2022-08', 1, 1, 38, 9, 1, 2, 2, 2, '2022-08-18 09:02:26', '2022-08-18 09:02:26'),
(10, 10, '2022-08', 1, 1, 30, 6, 1, 2, 2, 2, '2022-08-18 09:03:10', '2022-08-18 09:03:10'),
(11, 11, '2022-08', 1, 1, 40, 6, 1, 2, 2, 2, '2022-08-18 09:03:52', '2022-08-18 09:03:52'),
(12, 12, '2022-08', 1, 1, 45, 9, 1, 2, 2, 1, '2022-08-18 09:05:53', '2022-08-18 09:05:53'),
(13, 13, '2022-08', 1, 1, 64, 9, 6, 4, 1, 2, '2022-08-18 09:06:35', '2022-08-18 09:06:35'),
(14, 14, '2022-08', 1, 1, 42, 9, 3, 2, 2, 2, '2022-08-18 09:07:15', '2022-08-18 09:07:15'),
(15, 15, '2022-08', 1, 1, 40, 6, 1, 4, 1, 1, '2022-08-18 09:07:57', '2022-08-18 09:07:57'),
(16, 16, '2022-08', 1, 1, 38, 9, 1, 1, 2, 2, '2022-08-18 09:08:33', '2022-08-18 09:08:33'),
(17, 17, '2022-08', 1, 1, 24, 9, 4, 2, 2, 2, '2022-08-18 09:09:12', '2022-08-18 09:09:12'),
(18, 18, '2022-08', 1, 1, 64, 9, 1, 1, 3, 2, '2022-08-18 09:09:52', '2022-08-18 09:09:52'),
(19, 19, '2022-08', 1, 1, 40, 9, 1, 4, 2, 2, '2022-08-18 09:10:43', '2022-08-18 09:10:43'),
(20, 20, '2022-08', 1, 1, 54, 9, 1, 4, 2, 2, '2022-08-18 09:11:19', '2022-08-18 09:11:19'),
(21, 21, '2022-08', 1, 1, 40, 6, 3, 2, 1, 2, '2022-08-18 09:11:51', '2022-08-18 09:11:51'),
(22, 22, '2022-08', 1, 1, 40, 9, 1, 2, 2, 2, '2022-08-18 09:12:23', '2022-08-18 09:12:23'),
(23, 23, '2022-08', 1, 1, 60, 9, 3, 4, 2, 1, '2022-08-18 09:13:06', '2022-08-18 09:13:06'),
(24, 24, '2022-08', 1, 1, 40, 6, 3, 2, 2, 2, '2022-08-18 09:13:35', '2022-08-18 09:13:35'),
(25, 25, '2022-08', 1, 1, 64, 9, 1, 1, 2, 1, '2022-08-18 09:14:09', '2022-08-18 09:14:09'),
(26, 26, '2022-08', 1, 1, 60, 9, 1, 2, 2, 2, '2022-08-18 09:14:37', '2022-08-18 09:14:37'),
(27, 27, '2022-08', 1, 1, 38, 9, 1, 2, 2, 2, '2022-08-18 09:15:09', '2022-08-18 09:15:09'),
(28, 28, '2022-08', 1, 1, 40, 3, 1, 2, 2, 2, '2022-08-18 09:15:37', '2022-08-18 09:15:37'),
(29, 29, '2022-08', 1, 1, 36, 9, 6, 4, 2, 2, '2022-08-18 09:16:06', '2022-08-18 09:16:06'),
(30, 30, '2022-08', 1, 1, 36, 9, 1, 4, 1, 2, '2022-08-18 09:16:34', '2022-08-18 09:16:34'),
(31, 1, '2022-09', 1, 1, 555, 1, 1, 1, 2, 1, '2022-09-15 02:59:57', '2022-09-15 02:59:57'),
(32, 2, '2022-09', 4, 3, 70, 9, 3, 4, 6, 2, '2022-09-15 03:00:37', '2022-09-15 03:00:37');

-- --------------------------------------------------------

--
-- Table structure for table `dnegatifs`
--

CREATE TABLE `dnegatifs` (
  `id` bigint(20) UNSIGNED NOT NULL,
  `id_warga` bigint(20) UNSIGNED NOT NULL,
  `periode` varchar(255) COLLATE utf8mb4_unicode_ci DEFAULT NULL,
  `created_at` timestamp NULL DEFAULT NULL,
  `updated_at` timestamp NULL DEFAULT NULL,
  `nilai` double(15,8) DEFAULT NULL
) ENGINE=InnoDB DEFAULT CHARSET=utf8mb4 COLLATE=utf8mb4_unicode_ci;

--
-- Dumping data for table `dnegatifs`
--

INSERT INTO `dnegatifs` (`id`, `id_warga`, `periode`, `created_at`, `updated_at`, `nilai`) VALUES
(1, 1, '2022-08', '2022-08-18 08:22:04', '2022-08-18 23:40:32', 0.93262208),
(2, 2, '2022-08', '2022-08-18 08:22:26', '2022-08-18 23:40:32', 0.63679497),
(3, 3, '2022-08', '2022-08-18 08:56:35', '2022-08-18 23:40:32', 1.01889056),
(4, 4, '2022-08', '2022-08-18 08:57:31', '2022-08-18 23:40:32', 0.93262208),
(5, 5, '2022-08', '2022-08-18 08:59:10', '2022-08-18 23:40:32', 0.69269419),
(6, 6, '2022-08', '2022-08-18 08:59:45', '2022-08-18 23:40:32', 1.03964132),
(7, 7, '2022-08', '2022-08-18 09:00:17', '2022-08-18 23:40:32', 0.93262208),
(8, 8, '2022-08', '2022-08-18 09:01:40', '2022-08-18 23:40:32', 1.07814931),
(9, 9, '2022-08', '2022-08-18 09:02:26', '2022-08-18 23:40:32', 0.94635243),
(10, 10, '2022-08', '2022-08-18 09:03:10', '2022-08-18 23:40:32', 0.89456128),
(11, 11, '2022-08', '2022-08-18 09:03:52', '2022-08-18 23:40:32', 0.80660145),
(12, 12, '2022-08', '2022-08-18 09:05:53', '2022-08-18 23:40:32', 0.75446545),
(13, 13, '2022-08', '2022-08-18 09:06:35', '2022-08-18 23:40:32', 1.98443358),
(14, 14, '2022-08', '2022-08-18 09:07:15', '2022-08-18 23:40:32', 1.11296313),
(15, 15, '2022-08', '2022-08-18 09:07:57', '2022-08-18 23:40:32', 1.08088608),
(16, 16, '2022-08', '2022-08-18 09:08:34', '2022-08-18 23:40:32', 0.92375830),
(17, 17, '2022-08', '2022-08-18 09:09:12', '2022-08-18 23:40:32', 1.42035240),
(18, 18, '2022-08', '2022-08-18 09:09:52', '2022-08-18 23:40:32', 0.73303171),
(19, 19, '2022-08', '2022-08-18 09:10:43', '2022-08-18 23:40:32', 1.09900505),
(20, 20, '2022-08', '2022-08-18 09:11:19', '2022-08-18 23:40:32', 1.04163768),
(21, 21, '2022-08', '2022-08-18 09:11:51', '2022-08-18 23:40:32', 1.21161985),
(22, 22, '2022-08', '2022-08-18 09:12:23', '2022-08-18 23:40:32', 0.93262208),
(23, 23, '2022-08', '2022-08-18 09:13:06', '2022-08-18 23:40:32', 1.10039897),
(24, 24, '2022-08', '2022-08-18 09:13:35', '2022-08-18 23:40:32', 1.02139313),
(25, 25, '2022-08', '2022-08-18 09:14:09', '2022-08-18 23:40:32', 0.65865799),
(26, 26, '2022-08', '2022-08-18 09:14:37', '2022-08-18 23:40:32', 0.85165120),
(27, 27, '2022-08', '2022-08-18 09:15:09', '2022-08-18 23:40:32', 0.94635243),
(28, 28, '2022-08', '2022-08-18 09:15:37', '2022-08-18 23:40:32', 0.75996482),
(29, 29, '2022-08', '2022-08-18 09:16:06', '2022-08-18 23:40:32', 1.92755330),
(30, 30, '2022-08', '2022-08-18 09:16:34', '2022-08-18 23:40:32', 1.29855792),
(31, 1, '2022-09', '2022-09-15 02:59:57', '2022-09-15 03:00:38', 2.52982212),
(32, 2, '2022-09', '2022-09-15 03:00:38', '2022-09-15 03:00:38', 7.00316924);

-- --------------------------------------------------------

--
-- Table structure for table `dpositifs`
--

CREATE TABLE `dpositifs` (
  `id` bigint(20) UNSIGNED NOT NULL,
  `id_warga` bigint(20) UNSIGNED NOT NULL,
  `periode` varchar(255) COLLATE utf8mb4_unicode_ci DEFAULT NULL,
  `created_at` timestamp NULL DEFAULT NULL,
  `updated_at` timestamp NULL DEFAULT NULL,
  `nilai` double(15,8) DEFAULT NULL
) ENGINE=InnoDB DEFAULT CHARSET=utf8mb4 COLLATE=utf8mb4_unicode_ci;

--
-- Dumping data for table `dpositifs`
--

INSERT INTO `dpositifs` (`id`, `id_warga`, `periode`, `created_at`, `updated_at`, `nilai`) VALUES
(1, 1, '2022-08', '2022-08-18 08:22:04', '2022-08-18 23:40:32', 1.68245063),
(2, 2, '2022-08', '2022-08-18 08:22:26', '2022-08-18 23:40:32', 1.77448514),
(3, 3, '2022-08', '2022-08-18 08:56:35', '2022-08-18 23:40:32', 1.23190378),
(4, 4, '2022-08', '2022-08-18 08:57:31', '2022-08-18 23:40:32', 1.68245063),
(5, 5, '2022-08', '2022-08-18 08:59:10', '2022-08-18 23:40:32', 1.83898701),
(6, 6, '2022-08', '2022-08-18 08:59:45', '2022-08-18 23:40:32', 1.30519968),
(7, 7, '2022-08', '2022-08-18 09:00:17', '2022-08-18 23:40:32', 1.68245063),
(8, 8, '2022-08', '2022-08-18 09:01:40', '2022-08-18 23:40:32', 1.64279535),
(9, 9, '2022-08', '2022-08-18 09:02:26', '2022-08-18 23:40:32', 1.67784407),
(10, 10, '2022-08', '2022-08-18 09:03:10', '2022-08-18 23:40:32', 1.68728828),
(11, 11, '2022-08', '2022-08-18 09:03:52', '2022-08-18 23:40:32', 1.70402449),
(12, 12, '2022-08', '2022-08-18 09:05:53', '2022-08-18 23:40:32', 1.76733309),
(13, 13, '2022-08', '2022-08-18 09:06:35', '2022-08-18 09:22:19', 0.64248220),
(14, 14, '2022-08', '2022-08-18 09:07:15', '2022-08-18 23:40:32', 1.13032351),
(15, 15, '2022-08', '2022-08-18 09:07:57', '2022-08-18 23:40:32', 1.68469301),
(16, 16, '2022-08', '2022-08-18 09:08:34', '2022-08-18 23:40:32', 1.73966328),
(17, 17, '2022-08', '2022-08-18 09:09:12', '2022-08-18 23:40:32', 0.83859705),
(18, 18, '2022-08', '2022-08-18 09:09:52', '2022-08-18 23:40:32', 1.95279915),
(19, 19, '2022-08', '2022-08-18 09:10:43', '2022-08-18 23:40:32', 1.63144906),
(20, 20, '2022-08', '2022-08-18 09:11:19', '2022-08-18 23:40:32', 1.68159785),
(21, 21, '2022-08', '2022-08-18 09:11:51', '2022-08-18 23:40:32', 1.09158343),
(22, 22, '2022-08', '2022-08-18 09:12:23', '2022-08-18 23:40:32', 1.68245063),
(23, 23, '2022-08', '2022-08-18 09:13:06', '2022-08-18 23:40:32', 1.26668115),
(24, 24, '2022-08', '2022-08-18 09:13:35', '2022-08-18 23:40:32', 1.15461997),
(25, 25, '2022-08', '2022-08-18 09:14:09', '2022-08-18 23:40:32', 1.90623813),
(26, 26, '2022-08', '2022-08-18 09:14:37', '2022-08-18 23:40:32', 1.76038329),
(27, 27, '2022-08', '2022-08-18 09:15:09', '2022-08-18 23:40:32', 1.67784407),
(28, 28, '2022-08', '2022-08-18 09:15:37', '2022-08-18 23:40:32', 1.76716653),
(29, 29, '2022-08', '2022-08-18 09:16:06', '2022-08-18 23:40:32', 0.42278057),
(30, 30, '2022-08', '2022-08-18 09:16:34', '2022-08-18 23:40:32', 1.57833403),
(31, 1, '2022-09', '2022-09-15 02:59:57', '2022-09-15 03:00:38', 7.00316924),
(32, 2, '2022-09', '2022-09-15 03:00:38', '2022-09-15 03:00:38', 2.52982212);

-- --------------------------------------------------------

--
-- Table structure for table `failed_jobs`
--

CREATE TABLE `failed_jobs` (
  `id` bigint(20) UNSIGNED NOT NULL,
  `uuid` varchar(255) COLLATE utf8mb4_unicode_ci NOT NULL,
  `connection` text COLLATE utf8mb4_unicode_ci NOT NULL,
  `queue` text COLLATE utf8mb4_unicode_ci NOT NULL,
  `payload` longtext COLLATE utf8mb4_unicode_ci NOT NULL,
  `exception` longtext COLLATE utf8mb4_unicode_ci NOT NULL,
  `failed_at` timestamp NOT NULL DEFAULT current_timestamp()
) ENGINE=InnoDB DEFAULT CHARSET=utf8mb4 COLLATE=utf8mb4_unicode_ci;

-- --------------------------------------------------------

--
-- Table structure for table `kriterias`
--

CREATE TABLE `kriterias` (
  `id` bigint(20) UNSIGNED NOT NULL,
  `name` varchar(255) COLLATE utf8mb4_unicode_ci NOT NULL,
  `atribut` varchar(255) COLLATE utf8mb4_unicode_ci NOT NULL,
  `bobot` int(11) NOT NULL,
  `created_at` timestamp NULL DEFAULT NULL,
  `updated_at` timestamp NULL DEFAULT NULL
) ENGINE=InnoDB DEFAULT CHARSET=utf8mb4 COLLATE=utf8mb4_unicode_ci;

--
-- Dumping data for table `kriterias`
--

INSERT INTO `kriterias` (`id`, `name`, `atribut`, `bobot`, `created_at`, `updated_at`) VALUES
(1, 'Status Bangunan', 'benefit', 3, '2022-08-18 08:21:22', '2022-08-18 08:21:22'),
(2, 'Status Lahan', 'benefit', 3, '2022-08-18 08:21:22', '2022-08-18 08:21:22'),
(3, 'Luas Lantai', 'cost', 4, '2022-08-18 08:21:22', '2022-08-18 08:21:22'),
(4, 'Jenis Lantai', 'benefit', 4, '2022-08-18 08:21:22', '2022-08-18 08:21:22'),
(5, 'Jenis Dinding', 'benefit', 4, '2022-08-18 08:21:22', '2022-08-18 08:21:22'),
(6, 'Kepemilikan Fas BAB', 'benefit', 3, '2022-08-18 08:21:22', '2022-08-18 08:21:22'),
(7, 'Daya Listrik', 'cost', 4, '2022-08-18 08:21:22', '2022-08-18 09:18:28'),
(8, 'Status Penerima Bantuan Lain', 'benefit', 5, '2022-08-18 08:21:22', '2022-08-18 09:18:19');

-- --------------------------------------------------------

--
-- Table structure for table `migrations`
--

CREATE TABLE `migrations` (
  `id` int(10) UNSIGNED NOT NULL,
  `migration` varchar(255) COLLATE utf8mb4_unicode_ci NOT NULL,
  `batch` int(11) NOT NULL
) ENGINE=InnoDB DEFAULT CHARSET=utf8mb4 COLLATE=utf8mb4_unicode_ci;

--
-- Dumping data for table `migrations`
--

INSERT INTO `migrations` (`id`, `migration`, `batch`) VALUES
(1, '2014_10_12_000000_create_users_table', 1),
(2, '2014_10_12_100000_create_password_resets_table', 1),
(3, '2019_08_19_000000_create_failed_jobs_table', 1),
(4, '2019_12_14_000001_create_personal_access_tokens_table', 1),
(5, '2022_08_14_012521_create_wargas_table', 1),
(6, '2022_08_14_012738_create_kriterias_table', 1),
(7, '2022_08_14_013018_create_sub_kriterias_table', 1),
(8, '2022_08_14_073027_create_alternatifs_table', 1),
(9, '2022_08_15_135344_create_normalisasis_table', 1),
(10, '2022_08_15_135543_create_terbobots_table', 1),
(11, '2022_08_15_144623_create_positifnegatifs_table', 1),
(12, '2022_08_15_144748_create_dpositifs_table', 1),
(13, '2022_08_15_144905_create_dnegatifs_table', 1),
(14, '2022_08_15_145008_create_preferensis_table', 1);

-- --------------------------------------------------------

--
-- Table structure for table `normalisasis`
--

CREATE TABLE `normalisasis` (
  `id` bigint(20) UNSIGNED NOT NULL,
  `id_warga` bigint(20) UNSIGNED NOT NULL,
  `periode` varchar(255) COLLATE utf8mb4_unicode_ci DEFAULT NULL,
  `created_at` timestamp NULL DEFAULT NULL,
  `updated_at` timestamp NULL DEFAULT NULL,
  `c1` double(15,8) DEFAULT NULL,
  `c2` double(15,8) DEFAULT NULL,
  `c3` double(15,8) DEFAULT NULL,
  `c4` double(15,8) DEFAULT NULL,
  `c5` double(15,8) DEFAULT NULL,
  `c6` double(15,8) DEFAULT NULL,
  `c7` double(15,8) DEFAULT NULL,
  `c8` double(15,8) DEFAULT NULL
) ENGINE=InnoDB DEFAULT CHARSET=utf8mb4 COLLATE=utf8mb4_unicode_ci;

--
-- Dumping data for table `normalisasis`
--

INSERT INTO `normalisasis` (`id`, `id_warga`, `periode`, `created_at`, `updated_at`, `c1`, `c2`, `c3`, `c4`, `c5`, `c6`, `c7`, `c8`) VALUES
(1, 1, '2022-08', '2022-08-18 08:22:04', '2022-08-18 23:40:32', 0.18257419, 0.18257419, 0.16062055, 0.20272121, 0.07832604, 0.13703774, 0.18814417, 0.19802951),
(2, 2, '2022-08', '2022-08-18 08:22:26', '2022-08-18 23:40:32', 0.18257419, 0.18257419, 0.16062055, 0.13514748, 0.07832604, 0.13703774, 0.18814417, 0.09901475),
(3, 3, '2022-08', '2022-08-18 08:56:35', '2022-08-18 23:40:32', 0.18257419, 0.18257419, 0.20077569, 0.13514748, 0.23497813, 0.27407548, 0.18814417, 0.09901475),
(4, 4, '2022-08', '2022-08-18 08:57:31', '2022-08-18 23:40:32', 0.18257419, 0.18257419, 0.16062055, 0.20272121, 0.07832604, 0.13703774, 0.18814417, 0.19802951),
(5, 5, '2022-08', '2022-08-18 08:59:10', '2022-08-18 23:40:32', 0.18257419, 0.18257419, 0.18069812, 0.06757374, 0.07832604, 0.06851887, 0.18814417, 0.19802951),
(6, 6, '2022-08', '2022-08-18 08:59:45', '2022-08-18 23:40:32', 0.18257419, 0.18257419, 0.23289980, 0.20272121, 0.23497813, 0.06851887, 0.18814417, 0.19802951),
(7, 7, '2022-08', '2022-08-18 09:00:17', '2022-08-18 23:40:32', 0.18257419, 0.18257419, 0.16062055, 0.20272121, 0.07832604, 0.13703774, 0.18814417, 0.19802951),
(8, 8, '2022-08', '2022-08-18 09:01:40', '2022-08-18 23:40:32', 0.18257419, 0.18257419, 0.17668261, 0.20272121, 0.07832604, 0.27407548, 0.18814417, 0.19802951),
(9, 9, '2022-08', '2022-08-18 09:02:26', '2022-08-18 23:40:32', 0.18257419, 0.18257419, 0.15258952, 0.20272121, 0.07832604, 0.13703774, 0.18814417, 0.19802951),
(10, 10, '2022-08', '2022-08-18 09:03:10', '2022-08-18 23:40:32', 0.18257419, 0.18257419, 0.12046541, 0.13514748, 0.07832604, 0.13703774, 0.18814417, 0.19802951),
(11, 11, '2022-08', '2022-08-18 09:03:52', '2022-08-18 23:40:32', 0.18257419, 0.18257419, 0.16062055, 0.13514748, 0.07832604, 0.13703774, 0.18814417, 0.19802951),
(12, 12, '2022-08', '2022-08-18 09:05:53', '2022-08-18 23:40:32', 0.18257419, 0.18257419, 0.18069812, 0.20272121, 0.07832604, 0.13703774, 0.18814417, 0.09901475),
(13, 13, '2022-08', '2022-08-18 09:06:35', '2022-08-18 23:40:32', 0.18257419, 0.18257419, 0.25699288, 0.20272121, 0.46995627, 0.27407548, 0.09407209, 0.19802951),
(14, 14, '2022-08', '2022-08-18 09:07:15', '2022-08-18 23:40:32', 0.18257419, 0.18257419, 0.16865158, 0.20272121, 0.23497813, 0.13703774, 0.18814417, 0.19802951),
(15, 15, '2022-08', '2022-08-18 09:07:57', '2022-08-18 23:40:32', 0.18257419, 0.18257419, 0.16062055, 0.13514748, 0.07832604, 0.27407548, 0.09407209, 0.09901475),
(16, 16, '2022-08', '2022-08-18 09:08:34', '2022-08-18 23:40:32', 0.18257419, 0.18257419, 0.15258952, 0.20272121, 0.07832604, 0.06851887, 0.18814417, 0.19802951),
(17, 17, '2022-08', '2022-08-18 09:09:12', '2022-08-18 23:40:32', 0.18257419, 0.18257419, 0.09637233, 0.20272121, 0.31330418, 0.13703774, 0.18814417, 0.19802951),
(18, 18, '2022-08', '2022-08-18 09:09:52', '2022-08-18 23:40:32', 0.18257419, 0.18257419, 0.25699288, 0.20272121, 0.07832604, 0.06851887, 0.28221626, 0.19802951),
(19, 19, '2022-08', '2022-08-18 09:10:43', '2022-08-18 23:40:32', 0.18257419, 0.18257419, 0.16062055, 0.20272121, 0.07832604, 0.27407548, 0.18814417, 0.19802951),
(20, 20, '2022-08', '2022-08-18 09:11:19', '2022-08-18 23:40:32', 0.18257419, 0.18257419, 0.21683774, 0.20272121, 0.07832604, 0.27407548, 0.18814417, 0.19802951),
(21, 21, '2022-08', '2022-08-18 09:11:51', '2022-08-18 23:40:32', 0.18257419, 0.18257419, 0.16062055, 0.13514748, 0.23497813, 0.13703774, 0.09407209, 0.19802951),
(22, 22, '2022-08', '2022-08-18 09:12:23', '2022-08-18 23:40:32', 0.18257419, 0.18257419, 0.16062055, 0.20272121, 0.07832604, 0.13703774, 0.18814417, 0.19802951),
(23, 23, '2022-08', '2022-08-18 09:13:06', '2022-08-18 23:40:32', 0.18257419, 0.18257419, 0.24093083, 0.20272121, 0.23497813, 0.27407548, 0.18814417, 0.09901475),
(24, 24, '2022-08', '2022-08-18 09:13:35', '2022-08-18 23:40:32', 0.18257419, 0.18257419, 0.16062055, 0.13514748, 0.23497813, 0.13703774, 0.18814417, 0.19802951),
(25, 25, '2022-08', '2022-08-18 09:14:09', '2022-08-18 23:40:32', 0.18257419, 0.18257419, 0.25699288, 0.20272121, 0.07832604, 0.06851887, 0.18814417, 0.09901475),
(26, 26, '2022-08', '2022-08-18 09:14:37', '2022-08-18 23:40:32', 0.18257419, 0.18257419, 0.24093083, 0.20272121, 0.07832604, 0.13703774, 0.18814417, 0.19802951),
(27, 27, '2022-08', '2022-08-18 09:15:09', '2022-08-18 23:40:32', 0.18257419, 0.18257419, 0.15258952, 0.20272121, 0.07832604, 0.13703774, 0.18814417, 0.19802951),
(28, 28, '2022-08', '2022-08-18 09:15:37', '2022-08-18 23:40:32', 0.18257419, 0.18257419, 0.16062055, 0.06757374, 0.07832604, 0.13703774, 0.18814417, 0.19802951),
(29, 29, '2022-08', '2022-08-18 09:16:06', '2022-08-18 23:40:32', 0.18257419, 0.18257419, 0.14455850, 0.20272121, 0.46995627, 0.27407548, 0.18814417, 0.19802951),
(30, 30, '2022-08', '2022-08-18 09:16:34', '2022-08-18 23:40:32', 0.18257419, 0.18257419, 0.14455850, 0.20272121, 0.07832604, 0.27407548, 0.09407209, 0.19802951),
(31, 1, '2022-09', '2022-09-15 02:59:57', '2022-09-15 03:00:38', 0.24253563, 0.31622777, 0.99213976, 0.11043153, 0.31622777, 0.24253563, 0.31622777, 0.44721360),
(32, 2, '2022-09', '2022-09-15 03:00:37', '2022-09-15 03:00:38', 0.97014250, 0.94868330, 0.12513474, 0.99388373, 0.94868330, 0.97014250, 0.94868330, 0.89442719);

-- --------------------------------------------------------

--
-- Table structure for table `password_resets`
--

CREATE TABLE `password_resets` (
  `email` varchar(255) COLLATE utf8mb4_unicode_ci NOT NULL,
  `token` varchar(255) COLLATE utf8mb4_unicode_ci NOT NULL,
  `created_at` timestamp NULL DEFAULT NULL
) ENGINE=InnoDB DEFAULT CHARSET=utf8mb4 COLLATE=utf8mb4_unicode_ci;

-- --------------------------------------------------------

--
-- Table structure for table `personal_access_tokens`
--

CREATE TABLE `personal_access_tokens` (
  `id` bigint(20) UNSIGNED NOT NULL,
  `tokenable_type` varchar(255) COLLATE utf8mb4_unicode_ci NOT NULL,
  `tokenable_id` bigint(20) UNSIGNED NOT NULL,
  `name` varchar(255) COLLATE utf8mb4_unicode_ci NOT NULL,
  `token` varchar(64) COLLATE utf8mb4_unicode_ci NOT NULL,
  `abilities` text COLLATE utf8mb4_unicode_ci DEFAULT NULL,
  `last_used_at` timestamp NULL DEFAULT NULL,
  `created_at` timestamp NULL DEFAULT NULL,
  `updated_at` timestamp NULL DEFAULT NULL
) ENGINE=InnoDB DEFAULT CHARSET=utf8mb4 COLLATE=utf8mb4_unicode_ci;

-- --------------------------------------------------------

--
-- Table structure for table `positifnegatifs`
--

CREATE TABLE `positifnegatifs` (
  `id` bigint(20) UNSIGNED NOT NULL,
  `periode` varchar(255) COLLATE utf8mb4_unicode_ci DEFAULT NULL,
  `created_at` timestamp NULL DEFAULT NULL,
  `updated_at` timestamp NULL DEFAULT NULL,
  `name` varchar(255) COLLATE utf8mb4_unicode_ci NOT NULL,
  `c1` double(15,8) DEFAULT NULL,
  `c2` double(15,8) DEFAULT NULL,
  `c3` double(15,8) DEFAULT NULL,
  `c4` double(15,8) DEFAULT NULL,
  `c5` double(15,8) DEFAULT NULL,
  `c6` double(15,8) DEFAULT NULL,
  `c7` double(15,8) DEFAULT NULL,
  `c8` double(15,8) DEFAULT NULL
) ENGINE=InnoDB DEFAULT CHARSET=utf8mb4 COLLATE=utf8mb4_unicode_ci;

--
-- Dumping data for table `positifnegatifs`
--

INSERT INTO `positifnegatifs` (`id`, `periode`, `created_at`, `updated_at`, `name`, `c1`, `c2`, `c3`, `c4`, `c5`, `c6`, `c7`, `c8`) VALUES
(71, '2022-08', '2022-08-18 23:40:32', '2022-08-18 23:40:32', 'Positif', 0.54772257, 0.54772257, 0.38548932, 0.81088484, 1.87982508, 0.82222644, 0.37628836, 0.99014755),
(72, '2022-08', '2022-08-18 23:40:32', '2022-08-18 23:40:32', 'Negatif', 0.54772257, 0.54772257, 1.02797152, 0.27029496, 0.31330416, 0.20555661, 1.12886504, 0.49507375),
(75, '2022-09', '2022-09-15 03:00:38', '2022-09-15 03:00:38', 'Positif', 2.91042750, 2.84604990, 0.50053896, 3.97553492, 3.79473320, 2.91042750, 1.26491108, 4.47213595),
(76, '2022-09', '2022-09-15 03:00:38', '2022-09-15 03:00:38', 'Negatif', 0.72760689, 0.94868331, 3.96855904, 0.44172612, 1.26491108, 0.72760689, 3.79473320, 2.23606800);

-- --------------------------------------------------------

--
-- Table structure for table `preferensis`
--

CREATE TABLE `preferensis` (
  `id` bigint(20) UNSIGNED NOT NULL,
  `id_warga` bigint(20) UNSIGNED NOT NULL,
  `periode` varchar(255) COLLATE utf8mb4_unicode_ci DEFAULT NULL,
  `nilai` double(15,8) DEFAULT NULL,
  `rangking` int(11) DEFAULT NULL,
  `created_at` timestamp NULL DEFAULT NULL,
  `updated_at` timestamp NULL DEFAULT NULL
) ENGINE=InnoDB DEFAULT CHARSET=utf8mb4 COLLATE=utf8mb4_unicode_ci;

--
-- Dumping data for table `preferensis`
--

INSERT INTO `preferensis` (`id`, `id_warga`, `periode`, `nilai`, `rangking`, `created_at`, `updated_at`) VALUES
(1, 1, '2022-08', 0.35663333, 17, '2022-08-18 08:22:04', '2022-08-18 23:40:32'),
(2, 2, '2022-08', 0.26409000, 29, '2022-08-18 08:22:26', '2022-08-18 23:40:32'),
(3, 3, '2022-08', 0.45268043, 8, '2022-08-18 08:56:35', '2022-08-18 23:40:32'),
(4, 4, '2022-08', 0.35663333, 18, '2022-08-18 08:57:31', '2022-08-18 23:40:32'),
(5, 5, '2022-08', 0.27361035, 27, '2022-08-18 08:59:10', '2022-08-18 23:40:32'),
(6, 6, '2022-08', 0.44337391, 10, '2022-08-18 08:59:45', '2022-08-18 23:40:32'),
(7, 7, '2022-08', 0.35663333, 19, '2022-08-18 09:00:17', '2022-08-18 23:40:32'),
(8, 8, '2022-08', 0.39624081, 12, '2022-08-18 09:01:40', '2022-08-18 23:40:32'),
(9, 9, '2022-08', 0.36062560, 15, '2022-08-18 09:02:26', '2022-08-18 23:40:32'),
(10, 10, '2022-08', 0.34648079, 22, '2022-08-18 09:03:10', '2022-08-18 23:40:32'),
(11, 11, '2022-08', 0.32127504, 24, '2022-08-18 09:03:52', '2022-08-18 23:40:32'),
(12, 12, '2022-08', 0.29917753, 26, '2022-08-18 09:05:53', '2022-08-18 23:40:32'),
(13, 13, '2022-08', 0.75542337, 2, '2022-08-18 09:06:35', '2022-08-18 23:40:32'),
(14, 14, '2022-08', 0.49613059, 5, '2022-08-18 09:07:15', '2022-08-18 23:40:32'),
(15, 15, '2022-08', 0.39083535, 13, '2022-08-18 09:07:57', '2022-08-18 23:40:32'),
(16, 16, '2022-08', 0.34683142, 21, '2022-08-18 09:08:34', '2022-08-18 23:40:32'),
(17, 17, '2022-08', 0.62876679, 3, '2022-08-18 09:09:12', '2022-08-18 23:40:32'),
(18, 18, '2022-08', 0.27292549, 28, '2022-08-18 09:09:52', '2022-08-18 23:40:32'),
(19, 19, '2022-08', 0.40249900, 11, '2022-08-18 09:10:43', '2022-08-18 23:40:32'),
(20, 20, '2022-08', 0.38250003, 14, '2022-08-18 09:11:19', '2022-08-18 23:40:32'),
(21, 21, '2022-08', 0.52605858, 4, '2022-08-18 09:11:51', '2022-08-18 23:40:32'),
(22, 22, '2022-08', 0.35663333, 20, '2022-08-18 09:12:23', '2022-08-18 23:40:32'),
(23, 23, '2022-08', 0.46487610, 7, '2022-08-18 09:13:06', '2022-08-18 23:40:32'),
(24, 24, '2022-08', 0.46938740, 6, '2022-08-18 09:13:35', '2022-08-18 23:40:32'),
(25, 25, '2022-08', 0.25679714, 30, '2022-08-18 09:14:09', '2022-08-18 23:40:32'),
(26, 26, '2022-08', 0.32604899, 23, '2022-08-18 09:14:37', '2022-08-18 23:40:32'),
(27, 27, '2022-08', 0.36062560, 16, '2022-08-18 09:15:09', '2022-08-18 23:40:32'),
(28, 28, '2022-08', 0.30072233, 25, '2022-08-18 09:15:37', '2022-08-18 23:40:32'),
(29, 29, '2022-08', 0.82011893, 1, '2022-08-18 09:16:06', '2022-08-18 23:40:32'),
(30, 30, '2022-08', 0.45137528, 9, '2022-08-18 09:16:34', '2022-08-18 23:40:32'),
(31, 1, '2022-09', 0.26537548, 2, '2022-09-15 02:59:57', '2022-09-15 03:00:38'),
(32, 2, '2022-09', 0.73462452, 1, '2022-09-15 03:00:38', '2022-09-15 03:00:38');

-- --------------------------------------------------------

--
-- Table structure for table `sub_kriterias`
--

CREATE TABLE `sub_kriterias` (
  `id` bigint(20) UNSIGNED NOT NULL,
  `name` varchar(255) COLLATE utf8mb4_unicode_ci NOT NULL,
  `bobot` int(11) NOT NULL,
  `id_kriteria` bigint(20) UNSIGNED NOT NULL,
  `created_at` timestamp NULL DEFAULT NULL,
  `updated_at` timestamp NULL DEFAULT NULL
) ENGINE=InnoDB DEFAULT CHARSET=utf8mb4 COLLATE=utf8mb4_unicode_ci;

--
-- Dumping data for table `sub_kriterias`
--

INSERT INTO `sub_kriterias` (`id`, `name`, `bobot`, `id_kriteria`, `created_at`, `updated_at`) VALUES
(1, 'Milik Sendiri', 1, 1, '2022-08-18 08:21:22', '2022-08-18 08:21:22'),
(2, 'Dinas', 2, 1, '2022-08-18 08:21:22', '2022-08-18 08:21:22'),
(3, 'Bebas Sewa', 3, 1, '2022-08-18 08:21:22', '2022-08-18 08:21:22'),
(4, 'Kontrakan/Sewa', 4, 1, '2022-08-18 08:21:22', '2022-08-18 08:21:22'),
(5, 'Milik Sendiri', 1, 2, '2022-08-18 08:21:22', '2022-08-18 08:21:22'),
(6, 'Milik Negara', 2, 2, '2022-08-18 08:21:22', '2022-08-18 08:21:22'),
(7, 'Milik Orang Lain', 3, 2, '2022-08-18 08:21:22', '2022-08-18 08:21:22'),
(8, 'Marmer', 1, 4, '2022-08-18 08:21:22', '2022-08-18 08:21:22'),
(9, 'Parket/Vinyl', 2, 4, '2022-08-18 08:21:22', '2022-08-18 08:21:22'),
(10, 'Keramik', 3, 4, '2022-08-18 08:21:22', '2022-08-18 08:21:22'),
(11, 'Ubin/Tegel', 4, 4, '2022-08-18 08:21:22', '2022-08-18 08:21:22'),
(12, 'Kayu/papan kualitas Tinggi', 5, 4, '2022-08-18 08:21:22', '2022-08-18 08:21:22'),
(13, 'Semen/Bata', 6, 4, '2022-08-18 08:21:22', '2022-08-18 08:21:22'),
(14, 'Bambu', 7, 4, '2022-08-18 08:21:22', '2022-08-18 08:21:22'),
(15, 'Kayu/papan kualitas rendah', 8, 4, '2022-08-18 08:21:22', '2022-08-18 08:21:22'),
(16, 'Tanah', 9, 4, '2022-08-18 08:21:22', '2022-08-18 08:21:22'),
(17, 'Tembok', 1, 5, '2022-08-18 08:21:22', '2022-08-18 08:21:22'),
(18, 'Plester Anyaman Bambu', 2, 5, '2022-08-18 08:21:22', '2022-08-18 08:21:22'),
(19, 'Kayu', 3, 5, '2022-08-18 08:21:22', '2022-08-18 08:21:22'),
(20, 'Anyaman Bambu', 4, 5, '2022-08-18 08:21:22', '2022-08-18 08:21:22'),
(21, 'Batang Kayu', 5, 5, '2022-08-18 08:21:22', '2022-08-18 08:21:22'),
(22, 'Bambu', 6, 5, '2022-08-18 08:21:22', '2022-08-18 08:21:22'),
(23, 'Sendiri', 1, 6, '2022-08-18 08:21:22', '2022-08-18 08:21:22'),
(24, 'Bersama', 2, 6, '2022-08-18 08:21:22', '2022-08-18 08:21:22'),
(25, 'Umum', 3, 6, '2022-08-18 08:21:22', '2022-08-18 08:21:22'),
(26, 'Tidak Ada', 4, 6, '2022-08-18 08:21:22', '2022-08-18 08:21:22'),
(27, 'Tanpa Meteran', 1, 7, '2022-08-18 08:21:22', '2022-08-18 08:21:22'),
(28, '450 Watt', 2, 7, '2022-08-18 08:21:22', '2022-08-18 08:21:22'),
(29, '900 Watt', 3, 7, '2022-08-18 08:21:22', '2022-08-18 08:21:22'),
(30, '1300 Watt', 4, 7, '2022-08-18 08:21:22', '2022-08-18 08:21:22'),
(31, '2200 Watt', 5, 7, '2022-08-18 08:21:22', '2022-08-18 08:21:22'),
(32, '>2200 Watt', 6, 7, '2022-08-18 08:21:22', '2022-08-18 08:21:22'),
(33, 'Ada', 1, 8, '2022-08-18 08:21:22', '2022-08-18 08:21:22'),
(34, 'Tidak', 2, 8, '2022-08-18 08:21:22', '2022-08-18 08:21:22');

-- --------------------------------------------------------

--
-- Table structure for table `terbobots`
--

CREATE TABLE `terbobots` (
  `id` bigint(20) UNSIGNED NOT NULL,
  `id_warga` bigint(20) UNSIGNED NOT NULL,
  `periode` varchar(255) COLLATE utf8mb4_unicode_ci DEFAULT NULL,
  `created_at` timestamp NULL DEFAULT NULL,
  `updated_at` timestamp NULL DEFAULT NULL,
  `c1` double(15,8) DEFAULT NULL,
  `c2` double(15,8) DEFAULT NULL,
  `c3` double(15,8) DEFAULT NULL,
  `c4` double(15,8) DEFAULT NULL,
  `c5` double(15,8) DEFAULT NULL,
  `c6` double(15,8) DEFAULT NULL,
  `c7` double(15,8) DEFAULT NULL,
  `c8` double(15,8) DEFAULT NULL
) ENGINE=InnoDB DEFAULT CHARSET=utf8mb4 COLLATE=utf8mb4_unicode_ci;

--
-- Dumping data for table `terbobots`
--

INSERT INTO `terbobots` (`id`, `id_warga`, `periode`, `created_at`, `updated_at`, `c1`, `c2`, `c3`, `c4`, `c5`, `c6`, `c7`, `c8`) VALUES
(1, 1, '2022-08', '2022-08-18 08:22:04', '2022-08-18 09:22:19', 0.54772257, 0.54772257, 0.64248220, 0.81088484, 0.31330416, 0.41111322, 0.75257668, 0.99014755),
(2, 2, '2022-08', '2022-08-18 08:22:26', '2022-08-18 09:22:19', 0.54772257, 0.54772257, 0.64248220, 0.54058992, 0.31330416, 0.41111322, 0.75257668, 0.49507375),
(3, 3, '2022-08', '2022-08-18 08:56:35', '2022-08-18 09:22:19', 0.54772257, 0.54772257, 0.80310276, 0.54058992, 0.93991252, 0.82222644, 0.75257668, 0.49507375),
(4, 4, '2022-08', '2022-08-18 08:57:31', '2022-08-18 09:22:19', 0.54772257, 0.54772257, 0.64248220, 0.81088484, 0.31330416, 0.41111322, 0.75257668, 0.99014755),
(5, 5, '2022-08', '2022-08-18 08:59:10', '2022-08-18 09:22:19', 0.54772257, 0.54772257, 0.72279248, 0.27029496, 0.31330416, 0.20555661, 0.75257668, 0.99014755),
(6, 6, '2022-08', '2022-08-18 08:59:45', '2022-08-18 09:22:19', 0.54772257, 0.54772257, 0.93159920, 0.81088484, 0.93991252, 0.20555661, 0.75257668, 0.99014755),
(7, 7, '2022-08', '2022-08-18 09:00:17', '2022-08-18 09:22:19', 0.54772257, 0.54772257, 0.64248220, 0.81088484, 0.31330416, 0.41111322, 0.75257668, 0.99014755),
(8, 8, '2022-08', '2022-08-18 09:01:40', '2022-08-18 09:22:19', 0.54772257, 0.54772257, 0.70673044, 0.81088484, 0.31330416, 0.82222644, 0.75257668, 0.99014755),
(9, 9, '2022-08', '2022-08-18 09:02:26', '2022-08-18 09:22:19', 0.54772257, 0.54772257, 0.61035808, 0.81088484, 0.31330416, 0.41111322, 0.75257668, 0.99014755),
(10, 10, '2022-08', '2022-08-18 09:03:10', '2022-08-18 09:22:19', 0.54772257, 0.54772257, 0.48186164, 0.54058992, 0.31330416, 0.41111322, 0.75257668, 0.99014755),
(11, 11, '2022-08', '2022-08-18 09:03:52', '2022-08-18 09:22:19', 0.54772257, 0.54772257, 0.64248220, 0.54058992, 0.31330416, 0.41111322, 0.75257668, 0.99014755),
(12, 12, '2022-08', '2022-08-18 09:05:53', '2022-08-18 09:22:19', 0.54772257, 0.54772257, 0.72279248, 0.81088484, 0.31330416, 0.41111322, 0.75257668, 0.49507375),
(13, 13, '2022-08', '2022-08-18 09:06:35', '2022-08-18 09:22:19', 0.54772257, 0.54772257, 1.02797152, 0.81088484, 1.87982508, 0.82222644, 0.37628836, 0.99014755),
(14, 14, '2022-08', '2022-08-18 09:07:15', '2022-08-18 09:22:19', 0.54772257, 0.54772257, 0.67460632, 0.81088484, 0.93991252, 0.41111322, 0.75257668, 0.99014755),
(15, 15, '2022-08', '2022-08-18 09:07:57', '2022-08-18 09:22:19', 0.54772257, 0.54772257, 0.64248220, 0.54058992, 0.31330416, 0.82222644, 0.37628836, 0.49507375),
(16, 16, '2022-08', '2022-08-18 09:08:34', '2022-08-18 09:22:19', 0.54772257, 0.54772257, 0.61035808, 0.81088484, 0.31330416, 0.20555661, 0.75257668, 0.99014755),
(17, 17, '2022-08', '2022-08-18 09:09:12', '2022-08-18 09:22:19', 0.54772257, 0.54772257, 0.38548932, 0.81088484, 1.25321672, 0.41111322, 0.75257668, 0.99014755),
(18, 18, '2022-08', '2022-08-18 09:09:52', '2022-08-18 09:22:19', 0.54772257, 0.54772257, 1.02797152, 0.81088484, 0.31330416, 0.20555661, 1.12886504, 0.99014755),
(19, 19, '2022-08', '2022-08-18 09:10:43', '2022-08-18 09:22:19', 0.54772257, 0.54772257, 0.64248220, 0.81088484, 0.31330416, 0.82222644, 0.75257668, 0.99014755),
(20, 20, '2022-08', '2022-08-18 09:11:19', '2022-08-18 09:22:19', 0.54772257, 0.54772257, 0.86735096, 0.81088484, 0.31330416, 0.82222644, 0.75257668, 0.99014755),
(21, 21, '2022-08', '2022-08-18 09:11:51', '2022-08-18 09:22:19', 0.54772257, 0.54772257, 0.64248220, 0.54058992, 0.93991252, 0.41111322, 0.37628836, 0.99014755),
(22, 22, '2022-08', '2022-08-18 09:12:23', '2022-08-18 09:22:19', 0.54772257, 0.54772257, 0.64248220, 0.81088484, 0.31330416, 0.41111322, 0.75257668, 0.99014755),
(23, 23, '2022-08', '2022-08-18 09:13:06', '2022-08-18 09:22:19', 0.54772257, 0.54772257, 0.96372332, 0.81088484, 0.93991252, 0.82222644, 0.75257668, 0.49507375),
(24, 24, '2022-08', '2022-08-18 09:13:35', '2022-08-18 09:22:19', 0.54772257, 0.54772257, 0.64248220, 0.54058992, 0.93991252, 0.41111322, 0.75257668, 0.99014755),
(25, 25, '2022-08', '2022-08-18 09:14:09', '2022-08-18 09:22:19', 0.54772257, 0.54772257, 1.02797152, 0.81088484, 0.31330416, 0.20555661, 0.75257668, 0.49507375),
(26, 26, '2022-08', '2022-08-18 09:14:37', '2022-08-18 09:22:19', 0.54772257, 0.54772257, 0.96372332, 0.81088484, 0.31330416, 0.41111322, 0.75257668, 0.99014755),
(27, 27, '2022-08', '2022-08-18 09:15:09', '2022-08-18 09:22:19', 0.54772257, 0.54772257, 0.61035808, 0.81088484, 0.31330416, 0.41111322, 0.75257668, 0.99014755),
(28, 28, '2022-08', '2022-08-18 09:15:37', '2022-08-18 09:22:19', 0.54772257, 0.54772257, 0.64248220, 0.27029496, 0.31330416, 0.41111322, 0.75257668, 0.99014755),
(29, 29, '2022-08', '2022-08-18 09:16:06', '2022-08-18 09:22:19', 0.54772257, 0.54772257, 0.57823400, 0.81088484, 1.87982508, 0.82222644, 0.75257668, 0.99014755),
(30, 30, '2022-08', '2022-08-18 09:16:34', '2022-08-18 09:22:19', 0.54772257, 0.54772257, 0.57823400, 0.81088484, 0.31330416, 0.82222644, 0.37628836, 0.99014755),
(31, 1, '2022-09', '2022-09-15 02:59:57', '2022-09-15 03:00:38', 0.72760689, 0.94868331, 3.96855904, 0.44172612, 1.26491108, 0.72760689, 1.26491108, 2.23606800),
(32, 2, '2022-09', '2022-09-15 03:00:38', '2022-09-15 03:00:38', 2.91042750, 2.84604990, 0.50053896, 3.97553492, 3.79473320, 2.91042750, 3.79473320, 4.47213595);

-- --------------------------------------------------------

--
-- Table structure for table `users`
--

CREATE TABLE `users` (
  `id` bigint(20) UNSIGNED NOT NULL,
  `name` varchar(255) COLLATE utf8mb4_unicode_ci NOT NULL,
  `email` varchar(255) COLLATE utf8mb4_unicode_ci NOT NULL,
  `password` varchar(255) COLLATE utf8mb4_unicode_ci NOT NULL,
  `created_at` timestamp NULL DEFAULT NULL,
  `updated_at` timestamp NULL DEFAULT NULL
) ENGINE=InnoDB DEFAULT CHARSET=utf8mb4 COLLATE=utf8mb4_unicode_ci;

--
-- Dumping data for table `users`
--

INSERT INTO `users` (`id`, `name`, `email`, `password`, `created_at`, `updated_at`) VALUES
(1, 'Khoirony Arief', 'khoirony@gmail.com', '$2y$10$RbGnxDlL8Q6CfpYfpaZGFumZ6btUZl/V9MJs3QiDennBVNReY6F1y', '2022-08-18 08:21:22', '2022-08-18 08:21:22');

-- --------------------------------------------------------

--
-- Table structure for table `wargas`
--

CREATE TABLE `wargas` (
  `id` bigint(20) UNSIGNED NOT NULL,
  `name` varchar(255) COLLATE utf8mb4_unicode_ci NOT NULL,
  `alamat` text COLLATE utf8mb4_unicode_ci NOT NULL,
  `created_at` timestamp NULL DEFAULT NULL,
  `updated_at` timestamp NULL DEFAULT NULL
) ENGINE=InnoDB DEFAULT CHARSET=utf8mb4 COLLATE=utf8mb4_unicode_ci;

--
-- Dumping data for table `wargas`
--

INSERT INTO `wargas` (`id`, `name`, `alamat`, `created_at`, `updated_at`) VALUES
(1, 'Bambang Ristianto', 'DSN KARANG ANYAR RT 03 RW 02 DUSUN KARANG ANYAR RW 02 RT 03', '2022-08-18 08:21:22', '2022-08-18 08:21:22'),
(2, 'Dewantoro', 'DSN KARANG ANYAR RT 03 RW 02 DUSUN KARANG ANYAR RW 02 RT 03', '2022-08-18 08:21:22', '2022-08-18 08:21:22'),
(3, 'Karman', 'DSN TEMAJI RT 04 RW 01 DUSUN TEMAJI RW 01 RT 04', '2022-08-18 08:21:22', '2022-08-18 08:21:22'),
(4, 'Kasimin', 'DUSUN KARANG ANYAR RT 01 RW 02', '2022-08-18 08:21:22', '2022-08-18 08:21:22'),
(5, 'Kastoyan', 'DSN GLAGAH RT 06 RW 02 DUSUN GLAGAH RW 02 RT 06', '2022-08-18 08:21:22', '2022-08-18 08:21:22'),
(6, 'Kasturi', 'DSN TERANGREJO RT 05 RW 01 DUSUN TERANGREJO RW 01 RT 05', '2022-08-18 08:21:22', '2022-08-18 08:21:22'),
(7, 'Lamsi', 'DSN TERANG REJO RT 07 RW 01 DUSUN TERANGREJO RW 01 RT 07', '2022-08-18 08:21:22', '2022-08-18 08:21:22'),
(8, 'Lasminto', 'DSN TERANGREJO RT 05 RW 01 DUSUN TERANGREJO RW 01 RT 05', '2022-08-18 08:21:22', '2022-08-18 08:21:22'),
(9, 'Marsidan', 'DSN TERANGREJO RT 08 RW 01 DUSUN TERANGREJO RW 01 RT 08', '2022-08-18 08:21:22', '2022-08-18 08:21:22'),
(10, 'Masrip', 'DSN KARANG ANYAR RT 03 RW 02 DUSUN KARANG ANYAR RW 02 RT 03', '2022-08-18 08:21:22', '2022-08-18 08:21:22'),
(11, 'Muslih', 'DSN KARANG ANYAR RT 03 RW 02 DUSUN KARANG ANYAR RW 02 RT 03', '2022-08-18 08:21:22', '2022-08-18 08:21:22'),
(12, 'Pawit Sugianto', 'DUSUN TERANGREJO RT 06 RW 01', '2022-08-18 08:21:22', '2022-08-18 08:21:22'),
(13, 'Sadjimin', 'DSN KARANG ANYAR RT 04 RW 02 DUSUN KARANG ANYAR RW 02 RT 04', '2022-08-18 08:21:22', '2022-08-18 08:21:22'),
(14, 'Wiwik Setiawan', 'DUSUN KARANG ANYAR RT 02 RW 02', '2022-08-18 08:21:22', '2022-08-18 08:21:22'),
(15, 'Warmuji', 'DSN TEMAJI RT 04 RW 01 DUSUN TEMAJI RW 01 RT 04', '2022-08-18 08:21:22', '2022-08-18 08:21:22'),
(16, 'Wajimin', 'DSN TERANGREJO RT 05 RW 01 DUSUN TERANGREJO RW 01 RT 05', '2022-08-18 08:21:22', '2022-08-18 08:21:22'),
(17, 'Tasmari', 'DUSUN TERANGREJO RT 06 RW 01', '2022-08-18 08:21:22', '2022-08-18 08:21:22'),
(18, 'Tarmadi', 'DSN KARANG ANYAR RT 04 RW 02 DUSUN KARANG ANYAR RW 02 RT 04', '2022-08-18 08:21:22', '2022-08-18 08:21:22'),
(19, 'Suwono', 'DSN TERANGREJO RT 05 RW 01 DUSUN TERANGREJO RW 01 RT 05', '2022-08-18 08:21:22', '2022-08-18 08:21:22'),
(20, 'Sumarni', 'DSN GLAGAH RT 06 RW 02', '2022-08-18 08:21:22', '2022-08-18 08:21:22'),
(21, 'Sucipto', 'DSN KARANG ANYAR RT 03 RW 02 DUSUN KARANG ANYAR RW 02 RT 03', '2022-08-18 08:21:22', '2022-08-18 08:21:22'),
(22, 'Sokran', 'DSN TERANGREJO RT 08 RW 01 DUSUN TERANGREJO RW 01 RT 08', '2022-08-18 08:21:22', '2022-08-18 08:21:22'),
(23, 'Seminah', 'DSN JAJAR RT 05 RW 02 DUSUN JAJAR RW 02 RT 05', '2022-08-18 08:21:22', '2022-08-18 08:21:22'),
(24, 'Samiatun', 'DSN KARANG ANYAR RT 03 RW 02 DUSUN KARANG ANYAR RW 02 RT 03', '2022-08-18 08:21:22', '2022-08-18 08:21:22'),
(25, 'Sakrun', 'DUSUN TEMAJI RT 02 RW 01', '2022-08-18 08:21:22', '2022-08-18 08:21:22'),
(26, 'Alifan', 'DSN TERANGREJO RT 08 RW 01 DUSUN TERANGREJO RW 01 RT 08', '2022-08-18 08:21:22', '2022-08-18 08:21:22'),
(27, 'Amin Djohari', 'DSN TERANGREJO RT 05 RW 01 DUSUN TERANGREJO RW 01 RT 05', '2022-08-18 08:21:22', '2022-08-18 08:21:22'),
(28, 'Darim', 'DUSUN KARANG ANYAR RT 01 RW 02', '2022-08-18 08:21:22', '2022-08-18 08:21:22'),
(29, 'Darmaji', 'DSN TERANGREJO RT 05 RW 01 DUSUN TERANGREJO RW 01 RT 05', '2022-08-18 08:21:22', '2022-08-18 08:21:22'),
(30, 'Dasidin', 'DSN JAJAR RT 5 RW', '2022-08-18 08:21:22', '2022-08-18 08:21:22');

--
-- Indexes for dumped tables
--

--
-- Indexes for table `alternatifs`
--
ALTER TABLE `alternatifs`
  ADD PRIMARY KEY (`id`),
  ADD KEY `alternatifs_id_warga_foreign` (`id_warga`);

--
-- Indexes for table `dnegatifs`
--
ALTER TABLE `dnegatifs`
  ADD PRIMARY KEY (`id`),
  ADD KEY `dnegatifs_id_warga_foreign` (`id_warga`);

--
-- Indexes for table `dpositifs`
--
ALTER TABLE `dpositifs`
  ADD PRIMARY KEY (`id`),
  ADD KEY `dpositifs_id_warga_foreign` (`id_warga`);

--
-- Indexes for table `failed_jobs`
--
ALTER TABLE `failed_jobs`
  ADD PRIMARY KEY (`id`),
  ADD UNIQUE KEY `failed_jobs_uuid_unique` (`uuid`);

--
-- Indexes for table `kriterias`
--
ALTER TABLE `kriterias`
  ADD PRIMARY KEY (`id`);

--
-- Indexes for table `migrations`
--
ALTER TABLE `migrations`
  ADD PRIMARY KEY (`id`);

--
-- Indexes for table `normalisasis`
--
ALTER TABLE `normalisasis`
  ADD PRIMARY KEY (`id`),
  ADD KEY `normalisasis_id_warga_foreign` (`id_warga`);

--
-- Indexes for table `password_resets`
--
ALTER TABLE `password_resets`
  ADD KEY `password_resets_email_index` (`email`);

--
-- Indexes for table `personal_access_tokens`
--
ALTER TABLE `personal_access_tokens`
  ADD PRIMARY KEY (`id`),
  ADD UNIQUE KEY `personal_access_tokens_token_unique` (`token`),
  ADD KEY `personal_access_tokens_tokenable_type_tokenable_id_index` (`tokenable_type`,`tokenable_id`);

--
-- Indexes for table `positifnegatifs`
--
ALTER TABLE `positifnegatifs`
  ADD PRIMARY KEY (`id`);

--
-- Indexes for table `preferensis`
--
ALTER TABLE `preferensis`
  ADD PRIMARY KEY (`id`),
  ADD KEY `preferensis_id_warga_foreign` (`id_warga`);

--
-- Indexes for table `sub_kriterias`
--
ALTER TABLE `sub_kriterias`
  ADD PRIMARY KEY (`id`),
  ADD KEY `sub_kriterias_id_kriteria_foreign` (`id_kriteria`);

--
-- Indexes for table `terbobots`
--
ALTER TABLE `terbobots`
  ADD PRIMARY KEY (`id`),
  ADD KEY `terbobots_id_warga_foreign` (`id_warga`);

--
-- Indexes for table `users`
--
ALTER TABLE `users`
  ADD PRIMARY KEY (`id`),
  ADD UNIQUE KEY `users_email_unique` (`email`);

--
-- Indexes for table `wargas`
--
ALTER TABLE `wargas`
  ADD PRIMARY KEY (`id`);

--
-- AUTO_INCREMENT for dumped tables
--

--
-- AUTO_INCREMENT for table `alternatifs`
--
ALTER TABLE `alternatifs`
  MODIFY `id` bigint(20) UNSIGNED NOT NULL AUTO_INCREMENT, AUTO_INCREMENT=33;

--
-- AUTO_INCREMENT for table `dnegatifs`
--
ALTER TABLE `dnegatifs`
  MODIFY `id` bigint(20) UNSIGNED NOT NULL AUTO_INCREMENT, AUTO_INCREMENT=33;

--
-- AUTO_INCREMENT for table `dpositifs`
--
ALTER TABLE `dpositifs`
  MODIFY `id` bigint(20) UNSIGNED NOT NULL AUTO_INCREMENT, AUTO_INCREMENT=33;

--
-- AUTO_INCREMENT for table `failed_jobs`
--
ALTER TABLE `failed_jobs`
  MODIFY `id` bigint(20) UNSIGNED NOT NULL AUTO_INCREMENT;

--
-- AUTO_INCREMENT for table `kriterias`
--
ALTER TABLE `kriterias`
  MODIFY `id` bigint(20) UNSIGNED NOT NULL AUTO_INCREMENT, AUTO_INCREMENT=11;

--
-- AUTO_INCREMENT for table `migrations`
--
ALTER TABLE `migrations`
  MODIFY `id` int(10) UNSIGNED NOT NULL AUTO_INCREMENT, AUTO_INCREMENT=15;

--
-- AUTO_INCREMENT for table `normalisasis`
--
ALTER TABLE `normalisasis`
  MODIFY `id` bigint(20) UNSIGNED NOT NULL AUTO_INCREMENT, AUTO_INCREMENT=33;

--
-- AUTO_INCREMENT for table `personal_access_tokens`
--
ALTER TABLE `personal_access_tokens`
  MODIFY `id` bigint(20) UNSIGNED NOT NULL AUTO_INCREMENT;

--
-- AUTO_INCREMENT for table `positifnegatifs`
--
ALTER TABLE `positifnegatifs`
  MODIFY `id` bigint(20) UNSIGNED NOT NULL AUTO_INCREMENT, AUTO_INCREMENT=77;

--
-- AUTO_INCREMENT for table `preferensis`
--
ALTER TABLE `preferensis`
  MODIFY `id` bigint(20) UNSIGNED NOT NULL AUTO_INCREMENT, AUTO_INCREMENT=33;

--
-- AUTO_INCREMENT for table `sub_kriterias`
--
ALTER TABLE `sub_kriterias`
  MODIFY `id` bigint(20) UNSIGNED NOT NULL AUTO_INCREMENT, AUTO_INCREMENT=36;

--
-- AUTO_INCREMENT for table `terbobots`
--
ALTER TABLE `terbobots`
  MODIFY `id` bigint(20) UNSIGNED NOT NULL AUTO_INCREMENT, AUTO_INCREMENT=33;

--
-- AUTO_INCREMENT for table `users`
--
ALTER TABLE `users`
  MODIFY `id` bigint(20) UNSIGNED NOT NULL AUTO_INCREMENT, AUTO_INCREMENT=2;

--
-- AUTO_INCREMENT for table `wargas`
--
ALTER TABLE `wargas`
  MODIFY `id` bigint(20) UNSIGNED NOT NULL AUTO_INCREMENT, AUTO_INCREMENT=32;

--
-- Constraints for dumped tables
--

--
-- Constraints for table `alternatifs`
--
ALTER TABLE `alternatifs`
  ADD CONSTRAINT `alternatifs_id_warga_foreign` FOREIGN KEY (`id_warga`) REFERENCES `wargas` (`id`);

--
-- Constraints for table `dnegatifs`
--
ALTER TABLE `dnegatifs`
  ADD CONSTRAINT `dnegatifs_id_warga_foreign` FOREIGN KEY (`id_warga`) REFERENCES `wargas` (`id`);

--
-- Constraints for table `dpositifs`
--
ALTER TABLE `dpositifs`
  ADD CONSTRAINT `dpositifs_id_warga_foreign` FOREIGN KEY (`id_warga`) REFERENCES `wargas` (`id`);

--
-- Constraints for table `normalisasis`
--
ALTER TABLE `normalisasis`
  ADD CONSTRAINT `normalisasis_id_warga_foreign` FOREIGN KEY (`id_warga`) REFERENCES `wargas` (`id`);

--
-- Constraints for table `preferensis`
--
ALTER TABLE `preferensis`
  ADD CONSTRAINT `preferensis_id_warga_foreign` FOREIGN KEY (`id_warga`) REFERENCES `wargas` (`id`);

--
-- Constraints for table `sub_kriterias`
--
ALTER TABLE `sub_kriterias`
  ADD CONSTRAINT `sub_kriterias_id_kriteria_foreign` FOREIGN KEY (`id_kriteria`) REFERENCES `kriterias` (`id`);

--
-- Constraints for table `terbobots`
--
ALTER TABLE `terbobots`
  ADD CONSTRAINT `terbobots_id_warga_foreign` FOREIGN KEY (`id_warga`) REFERENCES `wargas` (`id`);
COMMIT;

/*!40101 SET CHARACTER_SET_CLIENT=@OLD_CHARACTER_SET_CLIENT */;
/*!40101 SET CHARACTER_SET_RESULTS=@OLD_CHARACTER_SET_RESULTS */;
/*!40101 SET COLLATION_CONNECTION=@OLD_COLLATION_CONNECTION */;
